{"cameraMode":{"drawMode":0,"name":"Shaded","section":"Shading Mode"},"sceneLighting":false,"audioPlay":false,"sceneViewState":{"showFog":true,"showMaterialUpdate":false,"showSkybox":false,"showFlares":true,"showImageEffects":true,"showParticleSystems":true},"in2DMode":false,"pivot":{"x":2.342963933944702,"y":5.131868362426758,"z":63.09018325805664},"rotation":{"x":-0.05433317646384239,"y":0.7146204113960266,"z":-0.0558539517223835,"w":-0.6951692700386047},"size":48.33505630493164,"orthographic":false}